,adjs
0,abbreviated
1,abdominal
2,aberrant
3,abiding
4,abject
5,ablaze
6,able
7,abnormal
8,abominable
9,abrasive
10,abreast
11,abrupt
12,abs
13,absent
14,absolute
15,abstract
16,absurd
17,abundant
18,abusive
19,abysmal
20,academic
21,accelerated
22,acceptable
23,accessible
24,accidental
25,accountable
26,accredited
27,accurate
28,accursed
29,accustomed
30,achy
31,acidic
32,acoustic
33,acrobatic
34,acrylic
35,actionable
36,active
37,actual
38,acute
39,adamant
40,adaptable
41,adaptive
42,addictive
43,additional
44,additive
45,addled
46,adept
47,adequate
48,adjacent
49,adjoining
50,adjustable
51,administrative
52,admirable
53,admissible
54,adolescent
55,adoptive
56,adorable
57,adoring
58,adrenal
59,adrift
60,adulterous
61,advanced
62,advancing
63,advantageous
64,adventist
65,adventurous
66,adversarial
67,adverse
68,advisable
69,advisory
70,aerodynamic
71,aeronautical
72,aesthetic
73,affectionate
74,afflicted
75,affluent
76,affordable
77,afghan
78,afire
79,aflame
80,afloat
81,aforementioned
82,afraid
83,african
84,ageing
85,ageless
86,aggravated
87,aggressive
88,agile
89,aging
90,agitated
91,aglow
92,agonizing
93,agreeable
94,agricultural
95,ailing
96,aimless
97,airborne
98,airsick
99,airtight
100,airy
101,ajar
102,akin
103,alarming
104,alaskan
105,albanian
106,alert
107,algerian
108,alien
109,alive
110,alkaline
111,alky
112,alleged
113,allergic
114,allied
115,alluring
116,almighty
117,alone
118,aloof
119,alphabetical
120,alpine
121,alrighty
122,alternate
123,alternating
124,altruistic
125,amateur
126,amateurish
127,amazed
128,amazing
129,amazonian
130,ambidextrous
131,ambient
132,ambiguous
133,ambitious
134,ambivalent
135,ambulatory
136,american
137,amiable
138,amicable
139,amish
140,amniotic
141,amorous
142,amphibious
143,ample
144,amused
145,amusing
146,anal
147,analytical
148,anaphylactic
149,anatomical
150,ancestral
151,ancient
152,ancillary
153,anecdotal
154,anemic
155,anesthetic
156,angelic
157,angrier
158,angry
159,anguished
160,animated
161,annoyed
162,annoying
163,annual
164,anointed
165,anomalous
166,anonymous
167,anorexic
168,antagonistic
169,antarctic
170,anterior
171,anthropological
172,anti
173,antibacterial
174,antiquated
175,antique
176,antiseptic
177,antisocial
178,anxious
179,aortic
180,apache
181,apathetic
182,apocalyptic
183,apologetic
184,appalled
185,appalling
186,apparent
187,appealing
188,appellate
189,appetizing
190,applicable
191,appreciative
192,apprehensive
193,appropriate
194,approximate
195,apt
196,aquamarine
197,aquatic
198,arab
199,arabian
200,arachnid
201,arbitrary
202,arcane
203,archaeological
204,archaic
205,archeological
206,architectural
207,arctic
208,ardent
209,arduous
210,argentine
211,argosy
212,argumentative
213,arid
214,aristocratic
215,armed
216,armenian
217,armored
218,armoured
219,aromatic
220,arrogant
221,arterial
222,arthritic
223,artificial
224,artistic
225,artsy
226,arty
227,aryan
228,ascending
229,asexual
230,ashamed
231,asian
232,asinine
233,askew
234,asleep
235,aspiring
236,assertive
237,associative
238,assorted
239,asthmatic
240,astonished
241,astonishing
242,astounded
243,astral
244,astrological
245,astronomical
246,astute
247,asymptomatic
248,athenian
249,athletic
250,atlantean
251,atmospheric
252,atomic
253,atrocious
254,attempted
255,attentive
256,attractive
257,atypical
258,auburn
259,audacious
260,audible
261,audiovisual
262,auditory
263,auspicious
264,austere
265,australian
266,austrian
267,authentic
268,autistic
269,autobiographical
270,autographed
271,automated
272,automatic
273,automotive
274,autonomous
275,auxiliary
276,available
277,avenging
278,average
279,averse
280,avid
281,awake
282,aware
283,awash
284,awesome
285,awful
286,awkward
287,aztec
288,backhand
289,backless
290,bacterial
291,bad
292,badder
293,baddest
294,baffling
295,baggy
296,baked
297,bald
298,balding
299,balian
300,balkan
301,ballistic
302,ballsy
303,balmy
304,bamboozled
305,banal
306,bandy
307,bankrupt
308,banyan
309,barbaric
310,barbarous
311,barbary
312,barbecued
313,barbed
314,bare
315,barefoot
316,barometric
317,barren
318,basal
319,baseless
320,basest
321,bashful
322,basic
323,basilar
324,bathing
325,battered
326,batty
327,bavarian
328,beaded
329,beady
330,bearable
331,bearded
332,beastly
333,beauteous
334,beautiful
335,beefy
336,begotten
337,behavioral
338,behavioural
339,beholden
340,beige
341,belated
342,beleaguered
343,belgian
344,believable
345,belligerent
346,beloved
347,bended
348,bendy
349,beneficial
350,benevolent
351,bengal
352,benign
353,benthic
354,bereaved
355,bereft
356,best
357,bewildered
358,bewildering
359,bewitched
360,biased
361,biblical
362,bicentennial
363,big
364,bigger
365,biggest
366,bilateral
367,bilingual
368,bilious
369,billfold
370,binary
371,binding
372,biochemical
373,biographical
374,biological
375,biometric
376,bionic
377,bipolar
378,birthing
379,bisexual
380,bitchy
381,bitsy
382,bitter
383,bittersweet
384,bitty
385,bizarre
386,black
387,blackened
388,blacker
389,blackest
390,blameless
391,bland
392,blank
393,blanky
394,blasphemous
395,blasted
396,blatant
397,bleached
398,bleak
399,blessed
400,blind
401,blinding
402,blissful
403,blistering
404,blithe
405,blithering
406,bloated
407,blond
408,blonde
409,blooded
410,bloodiest
411,bloodshot
412,bloodstained
413,bloodthirsty
414,bloody
415,blooming
416,blue
417,bluer
418,blunt
419,blurry
420,blustery
421,boastful
422,bobsled
423,bodacious
424,bodily
425,bogus
426,bohemian
427,boisterous
428,bold
429,bolder
430,bolivian
431,bombastic
432,bona
433,boneless
434,bonny
435,bony
436,boorish
437,bored
438,boring
439,bossy
440,botanical
441,bothersome
442,bottled
443,bottomless
444,bouncy
445,boundless
446,bountiful
447,bourgeois
448,bovine
449,bowlegged
450,boyish
451,brachial
452,bracing
453,brainless
454,brainy
455,braised
456,brash
457,brave
458,braver
459,bravest
460,brazen
461,brazilian
462,breaded
463,breakaway
464,breathable
465,breathless
466,breathtaking
467,breezy
468,bridal
469,brief
470,bright
471,brighter
472,brightest
473,brilliant
474,briny
475,brisk
476,british
477,brittle
478,broad
479,broadband
480,broader
481,bronchial
482,bronzed
483,brooding
484,brotherly
485,brownish
486,bruising
487,brutal
488,brutish
489,bubbly
490,bubonic
491,buddhist
492,budding
493,bulbous
494,bulimic
495,bulky
496,bulletproof
497,bumpy
498,bungling
499,bureaucratic
500,burgeoning
501,burly
502,burmese
503,bushy
504,busier
505,busiest
506,businesslike
507,bustling
508,busty
509,busy
510,bygone
511,byzantine
512,caged
513,cagey
514,callous
515,callow
516,calmer
517,cambodian
518,canadian
519,cancerous
520,candid
521,candlelit
522,canine
523,canned
524,canny
525,cantankerous
526,capable
527,capillary
528,capitalist
529,capitalistic
530,capricious
531,carbonated
532,cardboard
533,cardiac
534,cardiovascular
535,carefree
536,careful
537,careless
538,caribbean
539,carnal
540,carnivorous
541,carny
542,carotid
543,carpal
544,carsick
545,casual
546,cataclysmic
547,catastrophic
548,catatonic
549,catchy
550,cathartic
551,catholic
552,catlike
553,catty
554,cautionary
555,cautious
556,celebratory
557,celestial
558,celibate
559,cellular
560,celtic
561,centauri
562,centennial
563,centerfold
564,central
565,centrifugal
566,ceramic
567,cerebral
568,ceremonial
569,certain
570,certifiable
571,certified
572,cerulean
573,cervical
574,changeable
575,chaotic
576,charismatic
577,charitable
578,charmed
579,charming
580,charred
581,chaste
582,chatty
583,chauvinistic
584,cheap
585,cheaper
586,cheapest
587,checkered
588,cheeky
589,cheerful
590,cheery
591,cheesy
592,chemical
593,cherished
594,chesty
595,chewy
596,chic
597,chicky
598,childish
599,childless
600,childlike
601,chilean
602,chilling
603,chilly
604,chiltern
605,chinese
606,chipper
607,chivalrous
608,choosy
609,choppy
610,choral
611,christian
612,chronic
613,chronological
614,chubby
615,chummy
616,chunky
617,cinematic
618,circular
619,circulatory
620,circumstantial
621,citywide
622,civic
623,civil
624,civilian
625,civilised
626,civilized
627,clammy
628,clandestine
629,classic
630,classical
631,classier
632,classified
633,classy
634,claustrophobic
635,clean
636,cleanest
637,clear
638,clearer
639,clearest
640,clerical
641,clever
642,cleverer
643,cleverest
644,climactic
645,clingy
646,clinical
647,clit
648,cloaking
649,close
650,closest
651,cloudy
652,clueless
653,clumpy
654,clumsy
655,clunky
656,coarse
657,coastal
658,cockeyed
659,cockney
660,cocky
661,coded
662,coed
663,cogent
664,cognitive
665,cognizant
666,coherent
667,coincidental
668,cold
669,colder
670,coldest
671,colic
672,collapsible
673,collective
674,collegiate
675,colombian
676,colonial
677,colonic
678,colored
679,colorful
680,colorless
681,colossal
682,coloured
683,colourful
684,columbian
685,comatose
686,combative
687,combustible
688,comely
689,comfortable
690,comforting
691,comfy
692,comic
693,comical
694,commanding
695,commemorative
696,commendable
697,commercial
698,commissary
699,common
700,commonplace
701,communal
702,communicable
703,communist
704,comparable
705,comparative
706,compassionate
707,compatible
708,compelling
709,compensatory
710,competent
711,competitive
712,complacent
713,complementary
714,complete
715,complex
716,complicated
717,complicating
718,complimentary
719,composite
720,comprehensive
721,compressed
722,compulsive
723,compulsory
724,computerized
725,conceited
726,conceivable
727,concentric
728,conceptual
729,concerned
730,concise
731,conclusive
732,concrete
733,concurrent
734,condensed
735,condescending
736,conditional
737,conducive
738,conductive
739,confectionary
740,confident
741,confidential
742,confining
743,conflicting
744,confounded
745,confrontational
746,confusing
747,congenial
748,congenital
749,congested
750,congestive
751,congressional
752,conjugal
753,conquering
754,conscientious
755,conscious
756,consecrated
757,consecutive
758,consensual
759,consenting
760,conservative
761,considerable
762,considerate
763,consistent
764,consolidated
765,conspicuous
766,constant
767,constitutional
768,constructive
769,consular
770,contagious
771,contemporary
772,contemptible
773,contemptuous
774,contented
775,continental
776,contingent
777,continual
778,continuous
779,contraceptive
780,contradictory
781,contrite
782,controversial
783,convalescent
784,convenient
785,conventional
786,conversational
787,convincing
788,convoluted
789,cool
790,coolest
791,cooperative
792,copacetic
793,cordial
794,cordless
795,corned
796,cornish
797,corny
798,coronary
799,corporate
800,corporeal
801,correct
802,correctional
803,corrective
804,corresponding
805,corrosive
806,corrupt
807,cosmetic
808,cosmic
809,costly
810,cosy
811,counterfeit
812,counterproductive
813,countless
814,courageous
815,courteous
816,couscous
817,covert
818,coveted
819,cowardly
820,coy
821,cozy
822,crabby
823,crafty
824,cranial
825,cranky
826,crapper
827,crappy
828,crass
829,crazed
830,crazier
831,craziest
832,crazy
833,creaking
834,creaky
835,creamed
836,creamy
837,creative
838,credible
839,creepy
840,crematory
841,creole
842,cretaceous
843,cricoid
844,crimean
845,criminal
846,crimson
847,crippling
848,crisp
849,crispy
850,critical
851,crooked
852,crotchety
853,crowded
854,crucial
855,cruddy
856,crude
857,cruel
858,cruelest
859,crummy
860,crunchy
861,crusty
862,cryogenic
863,cryptic
864,crystalline
865,cuban
866,cubic
867,culinary
868,cultural
869,cultured
870,cumbersome
871,cumulative
872,cunning
873,curable
874,curative
875,curious
876,curiouser
877,current
878,cursory
879,curt
880,curved
881,cushy
882,custodial
883,customary
884,customized
885,cute
886,cuter
887,cutest
888,cutesy
889,cyanotic
890,cybernetic
891,cymbal
892,cynical
893,cyrillic
894,cystic
895,czech
896,czechoslovakian
897,daft
898,daily
899,dainty
900,damn
901,damnable
902,damndest
903,damnedest
904,damp
905,dangerous
906,danish
907,dank
908,dapper
909,daring
910,dark
911,darkened
912,darker
913,darkest
914,darn
915,darndest
916,darned
917,darnedest
918,darwinian
919,dashing
920,dastardly
921,dateless
922,daunting
923,dazzling
924,dead
925,deader
926,deadlier
927,deadliest
928,deadly
929,deaf
930,deafening
931,dearer
932,dearest
933,deathly
934,debatable
935,debilitating
936,debonair
937,decadent
938,decaying
939,deceased
940,deceitful
941,decent
942,deceptive
943,decimal
944,decisive
945,decomposed
946,decorative
947,decreased
948,decrepit
949,deductible
950,deductive
951,deep
952,deepest
953,defective
954,defenceless
955,defenseless
956,defensible
957,defensive
958,defiant
959,deficient
960,definite
961,definitive
962,deformed
963,deft
964,defunct
965,degenerate
966,degenerative
967,dejected
968,delectable
969,deliberate
970,delicate
971,delicious
972,delighted
973,delightful
974,delirious
975,delusional
976,demeaning
977,demented
978,democratic
979,demographic
980,demonic
981,demonstrative
982,demure
983,dense
984,dental
985,departmental
986,dependable
987,dependent
988,deplorable
989,deposed
990,depository
991,depraved
992,depressed
993,depressing
994,derelict
995,derogatory
996,descriptive
997,deserving
998,desiccated
999,designated
1000,desirable
1001,desirous
1002,desolate
1003,desperate
1004,despicable
1005,despondent
1006,destitute
1007,destructive
1008,detailed
1009,detectable
1010,deteriorating
1011,detrimental
1012,devastating
1013,developmental
1014,deviant
1015,deviled
1016,devilish
1017,devious
1018,devoid
1019,devoted
1020,devout
1021,dewy
1022,diabolical
1023,diagnostic
1024,diagonal
1025,diaphoretic
1026,dietary
1027,different
1028,difficult
1029,digestive
1030,digital
1031,dignified
1032,diligent
1033,dimensional
1034,diminutive
1035,dingy
1036,diplomatic
1037,dippy
1038,dipsy
1039,dire
1040,direct
1041,directional
1042,dirtier
1043,dirtiest
1044,dirty
1045,disabled
1046,disadvantaged
1047,disagreeable
1048,disappointed
1049,disappointing
1050,disapproving
1051,disastrous
1052,discerning
1053,disciplinary
1054,disciplined
1055,disconcerting
1056,discordant
1057,discouraging
1058,discourteous
1059,discreet
1060,discrete
1061,discretionary
1062,discriminating
1063,diseased
1064,disembodied
1065,disenfranchised
1066,disgraced
1067,disgraceful
1068,disgruntled
1069,disgusted
1070,disgusting
1071,dishonest
1072,dishonorable
1073,dishwashing
1074,disinterested
1075,disloyal
1076,dismal
1077,dismayed
1078,dismissive
1079,disobedient
1080,disorderly
1081,disoriented
1082,disparaging
1083,displeased
1084,disposable
1085,disproportionate
1086,disrespectful
1087,disruptive
1088,dissatisfied
1089,dissimilar
1090,dissociative
1091,distal
1092,distant
1093,distasteful
1094,distilled
1095,distinct
1096,distinctive
1097,distinguished
1098,distinguishing
1099,distorted
1100,distraught
1101,distressing
1102,disturbing
1103,diverse
1104,diversionary
1105,divine
1106,divisional
1107,dizzy
1108,doable
1109,docile
1110,doctoral
1111,dodgy
1112,domestic
1113,domesticated
1114,dominant
1115,dominican
1116,doozy
1117,dorky
1118,dormant
1119,dorsal
1120,doting
1121,dotted
1122,dotty
1123,double
1124,doubtful
1125,dowdy
1126,downed
1127,downward
1128,downy
1129,drab
1130,drafty
1131,dramatic
1132,drastic
1133,dreaded
1134,dreadful
1135,dreamy
1136,dreary
1137,dressy
1138,drier
1139,droll
1140,droopy
1141,drowsy
1142,drunk
1143,drunken
1144,drunker
1145,dry
1146,dual
1147,dubious
1148,ducal
1149,ducky
1150,due
1151,duelling
1152,dull
1153,duller
1154,dullest
1155,dumb
1156,dumber
1157,dumbest
1158,dumpy
1159,duplex
1160,durable
1161,dusky
1162,dusty
1163,dutch
1164,dutiful
1165,dwindling
1166,dynamic
1167,dysfunctional
1168,dyslexic
1169,eager
1170,earliest
1171,earnest
1172,earthbound
1173,earthly
1174,earthy
1175,easier
1176,easiest
1177,eastbound
1178,eastern
1179,easy
1180,easygoing
1181,eccentric
1182,ecclesiastical
1183,eclectic
1184,ecological
1185,economic
1186,economical
1187,ecstatic
1188,edgewise
1189,edgy
1190,edible
1191,editorial
1192,educated
1193,educational
1194,eerie
1195,effective
1196,effeminate
1197,efficient
1198,effing
1199,effortless
1200,egocentric
1201,egotistical
1202,egregious
1203,egyptian
1204,elaborate
1205,elastic
1206,elated
1207,elderly
1208,eldest
1209,elective
1210,electoral
1211,electric
1212,electrical
1213,electro
1214,electromagnetic
1215,electronic
1216,elegant
1217,elemental
1218,elementary
1219,eligible
1220,elitist
1221,elizabethan
1222,elliptical
1223,elongated
1224,eloquent
1225,elusive
1226,elvish
1227,elysian
1228,emancipated
1229,embarrassed
1230,embarrassing
1231,embittered
1232,emergent
1233,eminent
1234,emotional
1235,empathetic
1236,empathic
1237,emphatic
1238,empirical
1239,empty
1240,enchanted
1241,enchanting
1242,enclosed
1243,encouraging
1244,endangered
1245,endearing
1246,endless
1247,enduring
1248,energetic
1249,enhanced
1250,enigmatic
1251,enjoyable
1252,enlightened
1253,enlightening
1254,enormous
1255,enraged
1256,ensconced
1257,enterprising
1258,entertaining
1259,enthusiastic
1260,enticing
1261,entire
1262,enviable
1263,envious
1264,environmental
1265,epic
1266,epicenter
1267,epileptic
1268,episcopalian
1269,equal
1270,equatorial
1271,equestrian
1272,equitable
1273,erect
1274,erectile
1275,eroding
1276,erogenous
1277,erotic
1278,errant
1279,erratic
1280,erroneous
1281,escalating
1282,eskimo
1283,esoteric
1284,essential
1285,est
1286,esteemed
1287,estimated
1288,estranged
1289,eternal
1290,ethereal
1291,ethical
1292,ethiopian
1293,ethnic
1294,etruscan
1295,eucalyptus
1296,euphoric
1297,euro
1298,european
1299,evangelical
1300,evasive
1301,eventful
1302,eventual
1303,everlasting
1304,everyday
1305,evident
1306,evidentiary
1307,evil
1308,evocative
1309,evolutionary
1310,exact
1311,exacting
1312,exalted
1313,exasperating
1314,excellent
1315,exceptional
1316,excess
1317,excessive
1318,excitable
1319,excited
1320,exciting
1321,exclusive
1322,excruciating
1323,exemplary
1324,exempt
1325,exhausting
1326,exhaustive
1327,exhilarated
1328,exhilarating
1329,existential
1330,existing
1331,exorbitant
1332,exotic
1333,expansive
1334,expectant
1335,expedient
1336,expeditionary
1337,expendable
1338,expensive
1339,experimental
1340,expletive
1341,explicit
1342,exploratory
1343,explosive
1344,expressive
1345,exquisite
1346,extended
1347,extensive
1348,external
1349,extinct
1350,extra
1351,extracurricular
1352,extramarital
1353,extraneous
1354,extraordinary
1355,extraterrestrial
1356,extravagant
1357,extreme
1358,extremist
1359,exuberant
1360,eyed
1361,fab
1362,fabled
1363,fabulous
1364,faceless
1365,facial
1366,facto
1367,factual
1368,faggy
1369,faint
1370,faintest
1371,fair
1372,fairer
1373,fairest
1374,faithful
1375,faithless
1376,fake
1377,fallible
1378,fallopian
1379,fallow
1380,false
1381,famed
1382,familial
1383,familiar
1384,famished
1385,famous
1386,fanatical
1387,fancier
1388,fanciful
1389,fancy
1390,fantastic
1391,fantastical
1392,farmed
1393,farthest
1394,fascinating
1395,fascist
1396,fashionable
1397,fashioned
1398,fastest
1399,fastidious
1400,fat
1401,fatal
1402,fated
1403,fateful
1404,fatherless
1405,fatherly
1406,fatted
1407,fatter
1408,fattest
1409,faulty
1410,favorable
1411,favorite
1412,favourite
1413,fayed
1414,fearful
1415,fearless
1416,fearsome
1417,feasible
1418,feathered
1419,fecal
1420,federal
1421,feeble
1422,feisty
1423,feline
1424,felonious
1425,female
1426,feminine
1427,feminist
1428,femoral
1429,fermented
1430,ferocious
1431,fertile
1432,fertilized
1433,fervent
1434,festive
1435,fetal
1436,fetching
1437,feverish
1438,fibrous
1439,fickle
1440,fictional
1441,fictitious
1442,fide
1443,fidgety
1444,fiduciary
1445,fiendish
1446,fierce
1447,fiercest
1448,fiery
1449,filial
1450,filipino
1451,filthier
1452,filthiest
1453,filthy
1454,final
1455,financial
1456,fine
1457,finer
1458,finest
1459,finite
1460,finnish
1461,firmer
1462,fiscal
1463,fishy
1464,fittest
1465,fixable
1466,fizzy
1467,flabbergasted
1468,flabby
1469,flaccid
1470,flagrant
1471,flaky
1472,flamboyant
1473,flaming
1474,flammable
1475,flappy
1476,flashy
1477,flatbed
1478,flattered
1479,flattering
1480,flatulent
1481,flawed
1482,flawless
1483,fledgling
1484,fleeting
1485,fleshy
1486,flexible
1487,flighty
1488,flimsy
1489,flippant
1490,flipping
1491,flirtatious
1492,flirty
1493,floppy
1494,floral
1495,flowered
1496,flowering
1497,flowery
1498,fluctuating
1499,fluent
1500,fluffy
1501,flunky
1502,fluorescent
1503,focal
1504,foggiest
1505,foggy
1506,fond
1507,fonder
1508,fondest
1509,foolhardy
1510,foolish
1511,foolproof
1512,footloose
1513,forbidding
1514,forceful
1515,foregone
1516,foreign
1517,foremost
1518,forensic
1519,foreseeable
1520,forgetful
1521,forgettable
1522,forgiving
1523,forked
1524,forlorn
1525,formal
1526,formative
1527,formidable
1528,forthcoming
1529,forthright
1530,fortuitous
1531,fortunate
1532,forwarding
1533,fossilized
1534,foul
1535,foulest
1536,founding
1537,foxy
1538,fractured
1539,fragile
1540,fragrant
1541,fraid
1542,frail
1543,franciscan
1544,frantic
1545,fraternal
1546,fraudulent
1547,fraught
1548,frayed
1549,freakish
1550,freaky
1551,free
1552,freer
1553,freezing
1554,french
1555,frenzied
1556,frequent
1557,fresh
1558,fresher
1559,freshest
1560,freshwater
1561,freudian
1562,fried
1563,friendless
1564,friendlier
1565,friendliest
1566,friendly
1567,frigging
1568,frightened
1569,frightening
1570,frightful
1571,frigid
1572,frilly
1573,frisky
1574,frivolous
1575,frizzy
1576,froggy
1577,frontal
1578,frosted
1579,frosty
1580,frothy
1581,frozen
1582,fruitful
1583,fruitless
1584,fruity
1585,frustrating
1586,fucking
1587,full
1588,fullest
1589,functional
1590,fundamental
1591,fundamentalist
1592,fungal
1593,funky
1594,funnier
1595,funniest
1596,funny
1597,furious
1598,furrier
1599,furry
1600,furthest
1601,furtive
1602,fussy
1603,futile
1604,futuristic
1605,fuzzy
1606,fy
1607,gaelic
1608,galactic
1609,gallant
1610,galore
1611,galvanized
1612,gammy
1613,gangly
1614,gaping
1615,garbled
1616,gargantuan
1617,garish
1618,gassy
1619,gastric
1620,gated
1621,gatling
1622,gauche
1623,gaudy
1624,gawky
1625,gay
1626,gayer
1627,gayest
1628,ged
1629,geeky
1630,generic
1631,generous
1632,genetic
1633,genital
1634,genteel
1635,gentle
1636,gentlemanly
1637,gentler
1638,genuine
1639,geographic
1640,geographical
1641,geological
1642,geometric
1643,georgian
1644,geriatric
1645,german
1646,ghastly
1647,ghostly
1648,ghoulish
1649,giant
1650,gibberish
1651,giddy
1652,gifted
1653,gigantic
1654,gilded
1655,gimpy
1656,ginger
1657,girlish
1658,girly
1659,glad
1660,glam
1661,glamorous
1662,glandular
1663,glaring
1664,glassy
1665,glazed
1666,gleaming
1667,glib
1668,glittering
1669,global
1670,gloomy
1671,glorified
1672,glorious
1673,glossy
1674,glum
1675,goddam
1676,goddamn
1677,goddamned
1678,godforsaken
1679,godless
1680,godlike
1681,godly
1682,golden
1683,good
1684,goodly
1685,goody
1686,gooey
1687,goofy
1688,gorgeous
1689,gory
1690,gothic
1691,governing
1692,governmental
1693,grabby
1694,graceful
1695,gracious
1696,gradual
1697,grand
1698,grander
1699,grandest
1700,grandiose
1701,grandpappy
1702,graphic
1703,grappling
1704,grassy
1705,grateful
1706,gratifying
1707,grating
1708,gratuitous
1709,gravest
1710,gravitational
1711,gray
1712,greased
1713,greasy
1714,great
1715,greater
1716,greatest
1717,grecian
1718,greedy
1719,greek
1720,green
1721,greener
1722,grey
1723,grieving
1724,grievous
1725,grilled
1726,grim
1727,grimy
1728,gripping
1729,grisly
1730,gritty
1731,grizzly
1732,groggy
1733,groovy
1734,gross
1735,grotesque
1736,grouchy
1737,groundless
1738,grubby
1739,grueling
1740,gruesome
1741,gruff
1742,grumpy
1743,grungy
1744,guatemalan
1745,guiding
1746,guiltier
1747,guilty
1748,gullible
1749,gummy
1750,gutless
1751,gutsy
1752,habitual
1753,hacky
1754,haired
1755,hairier
1756,hairless
1757,hairy
1758,haitian
1759,hallowed
1760,hallucinogenic
1761,handheld
1762,handicapped
1763,handmade
1764,handsome
1765,handsomer
1766,handsomest
1767,handy
1768,hapless
1769,happier
1770,happiest
1771,happy
1772,hard
1773,hardened
1774,hardest
1775,hardheaded
1776,hardworking
1777,harebrained
1778,harmful
1779,harmless
1780,harmonic
1781,harmonious
1782,harrowing
1783,harsh
1784,hashish
1785,hasidic
1786,hasty
1787,hateful
1788,haughty
1789,hawaiian
1790,haywire
1791,hazardous
1792,hazy
1793,headless
1794,headstrong
1795,heady
1796,healthier
1797,healthiest
1798,healthy
1799,heartbreaking
1800,heartbroken
1801,hearted
1802,heartfelt
1803,heartless
1804,heartsick
1805,heartwarming
1806,hearty
1807,heathen
1808,heavenly
1809,heavier
1810,heaviest
1811,heavy
1812,hectic
1813,hefty
1814,heightened
1815,heinous
1816,hellish
1817,helluva
1818,helpful
1819,helpless
1820,hemorrhagic
1821,hemorrhoid
1822,herbal
1823,hereditary
1824,heroic
1825,hesitant
1826,heterosexual
1827,hideous
1828,high
1829,highbrow
1830,higher
1831,highest
1832,hilarious
1833,hilly
1834,hind
1835,hindu
1836,hippocratic
1837,hispanic
1838,hissy
1839,historic
1840,historical
1841,hittite
1842,hoarse
1843,hoc
1844,holier
1845,holiest
1846,holistic
1847,holographic
1848,holy
1849,homecoming
1850,homeless
1851,homely
1852,homemade
1853,homeopathic
1854,homesick
1855,homeward
1856,homicidal
1857,homing
1858,homophobic
1859,hon
1860,honest
1861,honky
1862,honorable
1863,honorary
1864,honourable
1865,hooded
1866,hooky
1867,hopeful
1868,hopeless
1869,hopi
1870,horizontal
1871,hormonal
1872,horned
1873,horny
1874,horrendous
1875,horrible
1876,horrid
1877,horrific
1878,horrifying
1879,horsey
1880,hospitable
1881,hostile
1882,hot
1883,hotter
1884,hottest
1885,hourly
1886,housebroken
1887,houseguest
1888,housewarming
1889,huffy
1890,huge
1891,hula
1892,human
1893,humane
1894,humanitarian
1895,humanoid
1896,humble
1897,humbling
1898,humdrum
1899,humid
1900,humiliating
1901,humongous
1902,humorous
1903,humpty
1904,hungarian
1905,hungover
1906,hungrier
1907,hungry
1908,hunky
1909,hurtful
1910,hushed
1911,husky
1912,hydraulic
1913,hydrochloric
1914,hydroponic
1915,hygienic
1916,hyper
1917,hyperactive
1918,hypersensitive
1919,hypertensive
1920,hypnotic
1921,hypocritical
1922,hypodermic
1923,hypoglycemic
1924,hypotensive
1925,hypothermic
1926,hypothetical
1927,hypoxic
1928,hysterical
1929,iced
1930,icky
1931,icy
1932,ideal
1933,idealistic
1934,identical
1935,identifiable
1936,idiotic
1937,idle
1938,idyllic
1939,iffy
1940,igneous
1941,ignorant
1942,illegal
1943,illegitimate
1944,illicit
1945,illiterate
1946,illogical
1947,illuminating
1948,illustrious
1949,imaginable
1950,imaginary
1951,imaginative
1952,imbecilic
1953,immaculate
1954,immaterial
1955,immature
1956,immeasurable
1957,immediate
1958,immense
1959,imminent
1960,immobile
1961,immodest
1962,immoral
1963,immortal
1964,immune
1965,impartial
1966,impassable
1967,impassioned
1968,impatient
1969,impeached
1970,impeccable
1971,impending
1972,impenetrable
1973,imperative
1974,imperfect
1975,imperial
1976,imperialist
1977,imperious
1978,impersonal
1979,impertinent
1980,impervious
1981,impetuous
1982,implicit
1983,impolite
1984,important
1985,imported
1986,impossible
1987,impotent
1988,impoverished
1989,impractical
1990,impregnable
1991,impressionable
1992,impressionist
1993,impressive
1994,improbable
1995,impromptu
1996,improper
1997,imprudent
1998,impudent
1999,impulsive
2000,impure
2001,inaccessible
2002,inaccurate
2003,inactive
2004,inadequate
2005,inadmissible
2006,inadvertent
2007,inalienable
2008,inane
2009,inanimate
2010,inappropriate
2011,inarticulate
2012,inaudible
2013,inaugural
2014,inbred
2015,inc
2016,incalculable
2017,incandescent
2018,incapable
2019,incendiary
2020,incessant
2021,incestuous
2022,incidental
2023,incised
2024,inclined
2025,inclusive
2026,incoherent
2027,incoming
2028,incomparable
2029,incompatible
2030,incompetent
2031,incomplete
2032,incomprehensible
2033,inconceivable
2034,inconclusive
2035,inconsequential
2036,inconsiderate
2037,inconsistent
2038,inconsolable
2039,inconspicuous
2040,incontinent
2041,incontrovertible
2042,inconvenient
2043,incorrect
2044,incorrigible
2045,incorruptible
2046,incredible
2047,incriminating
2048,incumbent
2049,incurable
2050,indebted
2051,indecent
2052,indecisive
2053,indeedy
2054,indefinite
2055,indelible
2056,indelicate
2057,indentured
2058,independent
2059,indescribable
2060,indestructible
2061,indeterminate
2062,indian
2063,indicative
2064,indifferent
2065,indigenous
2066,indigent
2067,indignant
2068,indigo
2069,indirect
2070,indiscreet
2071,indispensable
2072,indisposed
2073,indistinct
2074,indistinguishable
2075,indivisible
2076,indoor
2077,indulgent
2078,industrial
2079,industrious
2080,inebriated
2081,inedible
2082,ineffective
2083,ineffectual
2084,inefficient
2085,inept
2086,inert
2087,inertial
2088,inescapable
2089,inevitable
2090,inexcusable
2091,inexpensive
2092,inexperienced
2093,inexplicable
2094,infallible
2095,infamous
2096,infantile
2097,infatuated
2098,infectious
2099,inferior
2100,infernal
2101,infertile
2102,infinite
2103,infinitesimal
2104,infirm
2105,inflamed
2106,inflammable
2107,inflammatory
2108,inflatable
2109,inflated
2110,influential
2111,infomercial
2112,informal
2113,informational
2114,informative
2115,infrared
2116,infuriating
2117,ingenious
2118,ingenuous
2119,ingest
2120,ingrown
2121,inherent
2122,inhospitable
2123,inhuman
2124,inhumane
2125,initial
2126,inky
2127,innate
2128,inner
2129,innermost
2130,innocent
2131,innocuous
2132,innovative
2133,inoffensive
2134,inoperable
2135,inoperative
2136,inopportune
2137,inordinate
2138,inquisitive
2139,insane
2140,insatiable
2141,inscrutable
2142,insecure
2143,insensitive
2144,inseparable
2145,insidious
2146,insightful
2147,insignificant
2148,insincere
2149,insipid
2150,insistent
2151,insolent
2152,inspirational
2153,inspiring
2154,instantaneous
2155,instinctive
2156,institutional
2157,instructive
2158,instrumental
2159,insubordinate
2160,insubstantial
2161,insufferable
2162,insufficient
2163,insulting
2164,insurgent
2165,insurmountable
2166,intact
2167,intangible
2168,integral
2169,intellectual
2170,intelligent
2171,intense
2172,intensive
2173,intentional
2174,inter
2175,interactive
2176,interchangeable
2177,intercostal
2178,interested
2179,interesting
2180,intergalactic
2181,interlocking
2182,intermediate
2183,interminable
2184,intermittent
2185,internal
2186,international
2187,interpersonal
2188,interplanetary
2189,interpretive
2190,interracial
2191,interstate
2192,interstellar
2193,intervening
2194,intestinal
2195,intimate
2196,intimidating
2197,intolerable
2198,intolerant
2199,intoxicating
2200,intracranial
2201,intravenous
2202,intrepid
2203,intricate
2204,intriguing
2205,introductory
2206,introspective
2207,intrusive
2208,intuitive
2209,invaluable
2210,invasive
2211,inventive
2212,inverse
2213,inverted
2214,investigative
2215,invigorating
2216,invincible
2217,invisible
2218,involuntary
2219,invulnerable
2220,irate
2221,irish
2222,ironic
2223,irrational
2224,irrefutable
2225,irregular
2226,irrelevant
2227,irreparable
2228,irreplaceable
2229,irresistible
2230,irresponsible
2231,irreversible
2232,irrevocable
2233,irritable
2234,irritating
2235,ischemic
2236,italian
2237,itchy
2238,itemized
2239,jaded
2240,jagged
2241,jamaican
2242,janitorial
2243,japanese
2244,jaundiced
2245,jazzy
2246,jealous
2247,jeffersonian
2248,jerky
2249,jeweled
2250,jewish
2251,jiggy
2252,jittery
2253,jobless
2254,joint
2255,journalistic
2256,jovial
2257,joyful
2258,joyous
2259,judgmental
2260,judicial
2261,juicy
2262,jumpy
2263,junior
2264,junky
2265,justifiable
2266,juvenile
2267,kaput
2268,karmic
2269,kazi
2270,keen
2271,keno
2272,khaki
2273,kiddy
2274,kinder
2275,kindest
2276,kindred
2277,kinetic
2278,kinky
2279,knackered
2280,knowledgeable
2281,kooky
2282,korean
2283,kosher
2284,ky
2285,lacerated
2286,ladylike
2287,lame
2288,lamest
2289,laminated
2290,lanky
2291,large
2292,larger
2293,largest
2294,laryngeal
2295,lascivious
2296,lasting
2297,late
2298,latent
2299,lateral
2300,latest
2301,latin
2302,latvian
2303,laughable
2304,lavish
2305,lawful
2306,lawless
2307,lax
2308,layered
2309,lazy
2310,leaded
2311,leafy
2312,leaky
2313,lebanese
2314,lecherous
2315,leftover
2316,legal
2317,legalized
2318,legendary
2319,legible
2320,legislative
2321,legitimate
2322,leisurely
2323,lengthy
2324,lenient
2325,lesser
2326,lethal
2327,lethargic
2328,leveraged
2329,lewd
2330,liable
2331,liberal
2332,liberating
2333,libyan
2334,licensed
2335,lifeless
2336,lifelike
2337,lifelong
2338,lifesaving
2339,lightest
2340,lighthearted
2341,likable
2342,likeable
2343,likely
2344,lilac
2345,limber
2346,limited
2347,limitless
2348,linear
2349,lingering
2350,linguistic
2351,liquid
2352,literal
2353,literary
2354,literate
2355,lithuanian
2356,litigious
2357,little
2358,littler
2359,littlest
2360,livable
2361,lively
2362,livid
2363,loathsome
2364,local
2365,localized
2366,lofty
2367,logical
2368,logistical
2369,lone
2370,lonelier
2371,loneliest
2372,lonely
2373,lonesome
2374,longest
2375,longtime
2376,looky
2377,loony
2378,loopy
2379,loose
2380,looser
2381,louder
2382,loudest
2383,loudmouthed
2384,lousy
2385,lovable
2386,loveable
2387,loveless
2388,lovelier
2389,loveliest
2390,lovelorn
2391,lovely
2392,lovesick
2393,low
2394,lower
2395,lowest
2396,lowly
2397,loyal
2398,lucid
2399,luckier
2400,luckiest
2401,lucky
2402,lucrative
2403,ludicrous
2404,lukewarm
2405,lumbering
2406,luminous
2407,lumpy
2408,lunar
2409,lurid
2410,luscious
2411,lush
2412,lustful
2413,lustrous
2414,lusty
2415,lutheran
2416,luxurious
2417,lymphatic
2418,lyrical
2419,macabre
2420,macho
2421,macroscopic
2422,mad
2423,madder
2424,magical
2425,magnanimous
2426,magnetic
2427,magnificent
2428,magnifying
2429,main
2430,mainstream
2431,majestic
2432,major
2433,makeshift
2434,malay
2435,malaysian
2436,male
2437,malevolent
2438,malicious
2439,malignant
2440,malted
2441,manageable
2442,managerial
2443,manchurian
2444,mandatory
2445,maneuverable
2446,mangy
2447,maniacal
2448,manic
2449,manicured
2450,manipulative
2451,manly
2452,manned
2453,marginal
2454,marine
2455,marital
2456,maritime
2457,marketable
2458,maroon
2459,marooned
2460,married
2461,martial
2462,martian
2463,marvellous
2464,marvelous
2465,marxist
2466,mas
2467,masculine
2468,mashed
2469,masked
2470,masochistic
2471,mass
2472,massive
2473,masterful
2474,matching
2475,materialistic
2476,maternal
2477,mathematical
2478,mating
2479,matrimonial
2480,mature
2481,maudlin
2482,mauve
2483,maxi
2484,maximum
2485,mayan
2486,meager
2487,meaner
2488,meanest
2489,meaningful
2490,meaningless
2491,meatpacking
2492,meaty
2493,mechanical
2494,med
2495,meddlesome
2496,medial
2497,medical
2498,medicinal
2499,medieval
2500,mediocre
2501,meditative
2502,mediterranean
2503,meek
2504,meeker
2505,mega
2506,meiji
2507,melancholy
2508,mellow
2509,melodramatic
2510,memorable
2511,menacing
2512,menial
2513,menstrual
2514,mental
2515,mercantile
2516,merciful
2517,merciless
2518,mere
2519,meritorious
2520,merrier
2521,merry
2522,mesozoic
2523,messy
2524,metabolic
2525,metallic
2526,metaphorical
2527,metaphysical
2528,meteorological
2529,methodical
2530,meticulous
2531,metric
2532,metropolitan
2533,mexican
2534,mezzanine
2535,mic
2536,microscopic
2537,mid
2538,midwestern
2539,mightier
2540,mightiest
2541,mighty
2542,migratory
2543,mild
2544,militant
2545,military
2546,milky
2547,mindful
2548,mindless
2549,mini
2550,miniature
2551,minimal
2552,miniscule
2553,minor
2554,minty
2555,minuscule
2556,miraculous
2557,miscellaneous
2558,mischievous
2559,misdirect
2560,miserable
2561,misguided
2562,misleading
2563,mismatched
2564,misshapen
2565,misty
2566,mitigating
2567,mizzen
2568,mnemonic
2569,mobile
2570,moderate
2571,modern
2572,modest
2573,modred
2574,moist
2575,moldy
2576,molecular
2577,molten
2578,momentary
2579,momentous
2580,monetary
2581,mongolian
2582,monogamous
2583,monogrammed
2584,monotonous
2585,monstrous
2586,monthly
2587,monumental
2588,moody
2589,moonie
2590,moonlit
2591,mooring
2592,moorish
2593,moot
2594,moped
2595,moral
2596,morbid
2597,moronic
2598,morose
2599,mortal
2600,mortem
2601,motherfucking
2602,motherless
2603,motherly
2604,motionless
2605,motivational
2606,motley
2607,motorized
2608,mournful
2609,movable
2610,muddled
2611,muddy
2612,muffled
2613,multinational
2614,multiple
2615,mummified
2616,mundane
2617,mung
2618,municipal
2619,murderous
2620,murky
2621,muscular
2622,mushy
2623,musical
2624,muslim
2625,musty
2626,mute
2627,muted
2628,mutilated
2629,mutual
2630,myocardial
2631,myopic
2632,mysterious
2633,mystic
2634,mystical
2635,mystified
2636,mythic
2637,mythical
2638,mythological
2639,nagging
2640,naive
2641,naked
2642,nameless
2643,napoleonic
2644,narcissistic
2645,narrow
2646,narrower
2647,nasal
2648,nastier
2649,nastiest
2650,nasty
2651,national
2652,nationwide
2653,native
2654,natural
2655,naughty
2656,nauseated
2657,nauseating
2658,nauseous
2659,nautical
2660,naval
2661,navigational
2662,nazi
2663,neanderthal
2664,nearest
2665,nearsighted
2666,neat
2667,neater
2668,neatest
2669,necessary
2670,needless
2671,needy
2672,nefarious
2673,negative
2674,negatory
2675,neglectful
2676,negligent
2677,negligible
2678,negotiable
2679,neighboring
2680,nerdy
2681,nervous
2682,nether
2683,neural
2684,neurological
2685,neurotic
2686,neuter
2687,neutral
2688,new
2689,newborn
2690,newer
2691,newest
2692,newfangled
2693,newfound
2694,newsworthy
2695,nice
2696,nicer
2697,nicest
2698,nietzschean
2699,nifty
2700,nigerian
2701,nightly
2702,nightmarish
2703,nimble
2704,nippy
2705,nite
2706,nitric
2707,nitrous
2708,noble
2709,nobler
2710,noblest
2711,nocturnal
2712,noisy
2713,nomadic
2714,nominal
2715,nonchalant
2716,nonexistent
2717,nonnegotiable
2718,nonprofit
2719,nonsensical
2720,nonviolent
2721,nordic
2722,normal
2723,northeastern
2724,northern
2725,northwestern
2726,norwegian
2727,nosey
2728,nostalgic
2729,nosy
2730,notable
2731,noticeable
2732,notorious
2733,nourishing
2734,noxious
2735,nubian
2736,nuclear
2737,nude
2738,
2739,numb
2740,numerical
2741,numerous
2742,nutritional
2743,nutritious
2744,nuttier
2745,nutty
2746,obedient
2747,obese
2748,objectionable
2749,obligatory
2750,obliging
2751,oblique
2752,oblivious
2753,obnoxious
2754,obscene
2755,obscure
2756,observant
2757,obsessed
2758,obsessive
2759,obsolete
2760,obstinate
2761,obtuse
2762,obvious
2763,occasional
2764,occipital
2765,occupational
2766,oceanic
2767,oceanographic
2768,ocular
2769,odd
2770,oddest
2771,odious
2772,odorless
2773,oedipal
2774,offbeat
2775,offensive
2776,official
2777,offshore
2778,oily
2779,old
2780,olden
2781,older
2782,oldest
2783,ole
2784,oleic
2785,olfactory
2786,olive
2787,olympian
2788,olympic
2789,ominous
2790,omnipotent
2791,omniscient
2792,oncoming
2793,ongoing
2794,onshore
2795,onstage
2796,operable
2797,operatic
2798,operational
2799,operative
2800,opportune
2801,opportunistic
2802,opposable
2803,opposing
2804,opposite
2805,oppressed
2806,oppressive
2807,optical
2808,optimal
2809,optimistic
2810,optimum
2811,optional
2812,oral
2813,orange
2814,orbital
2815,orderly
2816,ordinary
2817,organic
2818,organizational
2819,orgasmic
2820,oriental
2821,original
2822,ornery
2823,orphaned
2824,orthodox
2825,orthopedic
2826,ostentatious
2827,ot
2828,other
2829,otherworldly
2830,outdated
2831,outdoor
2832,outdoorsy
2833,outer
2834,outgoing
2835,outlandish
2836,outlying
2837,outraged
2838,outrageous
2839,outspoken
2840,outstanding
2841,outstretched
2842,oval
2843,ovarian
2844,overactive
2845,overall
2846,overbearing
2847,overblown
2848,overcast
2849,overconfident
2850,overcrowded
2851,overdrawn
2852,overdue
2853,overgrown
2854,overhand
2855,overheated
2856,overjoyed
2857,overlapping
2858,overpriced
2859,overprotective
2860,overrated
2861,overriding
2862,oversized
2863,overt
2864,overweight
2865,overwhelming
2866,overworked
2867,overzealous
2868,oxidized
2869,padded
2870,pagan
2871,pained
2872,painful
2873,painless
2874,painstaking
2875,pakistani
2876,palatable
2877,palatial
2878,pale
2879,paler
2880,palestinian
2881,palpable
2882,paltry
2883,panamanian
2884,pancreatic
2885,panicky
2886,panty
2887,papal
2888,parabolic
2889,paralegal
2890,parallel
2891,paramedic
2892,paramilitary
2893,paranoiac
2894,paranoid
2895,paranormal
2896,paraplegic
2897,parasitic
2898,parched
2899,parental
2900,parietal
2901,parisian
2902,parliamentary
2903,parochial
2904,partial
2905,particular
2906,passable
2907,passe
2908,passionate
2909,passive
2910,pastel
2911,pasty
2912,patented
2913,paternal
2914,pathetic
2915,pathological
2916,patriarchal
2917,patriotic
2918,patronizing
2919,patterned
2920,payable
2921,peaceful
2922,peachy
2923,pearly
2924,peculiar
2925,pedantic
2926,pediatric
2927,peerless
2928,peeved
2929,pelvic
2930,penal
2931,pending
2932,penetrating
2933,penile
2934,penitent
2935,penniless
2936,pensive
2937,peppy
2938,perceptive
2939,perennial
2940,perfect
2941,perforated
2942,perfumed
2943,pericardial
2944,perilous
2945,periodic
2946,peripheral
2947,perishable
2948,peritoneal
2949,perky
2950,permanent
2951,permissible
2952,pernicious
2953,perpetual
2954,perplexing
2955,persian
2956,persistent
2957,personable
2958,personal
2959,personalized
2960,persuasive
2961,pert
2962,pertinent
2963,peruvian
2964,pervasive
2965,perverse
2966,perverted
2967,pesky
2968,pessimistic
2969,petite
2970,petrified
2971,petty
2972,petulant
2973,phallic
2974,pharmaceutical
2975,phenomenal
2976,philanthropic
2977,philharmonic
2978,philippine
2979,philosophical
2980,phonetic
2981,phoney
2982,phony
2983,phosphorous
2984,photogenic
2985,photographic
2986,physical
2987,physiological
2988,pickled
2989,picky
2990,picturesque
2991,pied
2992,pimply
2993,pineal
2994,pink
2995,pious
2996,pithy
2997,pitiful
2998,pivotal
2999,placid
3000,plain
3001,planetary
3002,platonic
3003,plausible
3004,playful
3005,pleasant
3006,pleased
3007,pleasing
3008,pleasurable
3009,plentiful
3010,pleural
3011,plucky
3012,plump
3013,plunger
3014,plush
3015,pneumatic
3016,poached
3017,poetic
3018,poignant
3019,pointless
3020,pointy
3021,poisonous
3022,polack
3023,polar
3024,polite
3025,politic
3026,political
3027,polynesian
3028,pompous
3029,ponderous
3030,poor
3031,poorer
3032,poorest
3033,popular
3034,porky
3035,pornographic
3036,porous
3037,portable
3038,portuguese
3039,posh
3040,positive
3041,possessive
3042,possible
3043,postal
3044,posterior
3045,posthumous
3046,postmodern
3047,postwar
3048,potent
3049,potential
3050,potted
3051,pouty
3052,powdered
3053,powerful
3054,powerless
3055,poxy
3056,practical
3057,pragmatic
3058,prearranged
3059,precarious
3060,precautionary
3061,preceding
3062,precious
3063,precise
3064,precocious
3065,preconceived
3066,predatory
3067,predetermined
3068,predictable
3069,preemptive
3070,preferable
3071,preferential
3072,pregnant
3073,prehistoric
3074,prejudiced
3075,prejudicial
3076,preliminary
3077,premarital
3078,premature
3079,premeditated
3080,prenatal
3081,prenuptial
3082,preoccupied
3083,prepaid
3084,preparatory
3085,preposterous
3086,preppy
3087,prerecorded
3088,presbyterian
3089,preschool
3090,presentable
3091,preset
3092,presidential
3093,prestigious
3094,presumptuous
3095,pretentious
3096,pretrial
3097,prettier
3098,prettiest
3099,prevailing
3100,prevalent
3101,preventative
3102,preventive
3103,previous
3104,priceless
3105,pricey
3106,prickly
3107,prim
3108,primal
3109,primary
3110,prime
3111,primeval
3112,primitive
3113,primordial
3114,prior
3115,prissy
3116,pristine
3117,private
3118,privileged
3119,privy
3120,prized
3121,proactive
3122,probable
3123,probative
3124,probing
3125,problematic
3126,procedural
3127,prodigious
3128,productive
3129,professional
3130,proficient
3131,profitable
3132,profound
3133,progressive
3134,projected
3135,projecting
3136,prolific
3137,prolonged
3138,prominent
3139,promiscuous
3140,promising
3141,promotional
3142,prone
3143,proper
3144,prophetic
3145,prophylactic
3146,proportional
3147,proprietary
3148,prosaic
3149,prospective
3150,prosperous
3151,prosthetic
3152,prostrate
3153,protective
3154,protestant
3155,protracted
3156,protruding
3157,proud
3158,prouder
3159,proudest
3160,proverbial
3161,provincial
3162,provisional
3163,provocative
3164,proximal
3165,prudent
3166,prussian
3167,pseudo
3168,psychedelic
3169,psychiatric
3170,psychic
3171,psychological
3172,psychopathic
3173,psychosomatic
3174,psychotic
3175,pubic
3176,public
3177,pudgy
3178,puerile
3179,puffing
3180,puffy
3181,pulmonary
3182,pulseless
3183,punchy
3184,punctual
3185,pungent
3186,punishable
3187,punitive
3188,punky
3189,puny
3190,pure
3191,purebred
3192,purer
3193,purest
3194,puritanical
3195,purple
3196,purty
3197,pushy
3198,putrid
3199,puzzled
3200,puzzling
3201,pygmy
3202,quadruple
3203,quaint
3204,quaker
3205,qualifying
3206,quarterly
3207,quasi
3208,queasy
3209,queer
3210,questionable
3211,quick
3212,quickest
3213,quiet
3214,quieter
3215,quintessential
3216,quirky
3217,quivering
3218,rabid
3219,racial
3220,racist
3221,racy
3222,radial
3223,radiant
3224,radical
3225,radioactive
3226,ragged
3227,raggedy
3228,raging
3229,rainy
3230,rambling
3231,rambunctious
3232,rampant
3233,rancid
3234,random
3235,rapid
3236,rapt
3237,rare
3238,rarest
3239,rational
3240,ratty
3241,raucous
3242,ravenous
3243,ravishing
3244,raw
3245,reachable
3246,reacquainted
3247,reactionary
3248,reactive
3249,ready
3250,real
3251,realistic
3252,reasonable
3253,rebellious
3254,recent
3255,receptive
3256,reciprocal
3257,reckless
3258,reclining
3259,reclusive
3260,recognizable
3261,reconstructive
3262,recreational
3263,rectal
3264,rectangular
3265,recurrent
3266,recurring
3267,recycled
3268,red
3269,redder
3270,redeeming
3271,redheaded
3272,redial
3273,redundant
3274,refined
3275,reflective
3276,reformatory
3277,refreshing
3278,regal
3279,regimental
3280,regional
3281,regretful
3282,regrettable
3283,regular
3284,regulatory
3285,reigning
3286,relaxed
3287,relaxing
3288,relent
3289,relentless
3290,relevant
3291,reliable
3292,religious
3293,reluctant
3294,remaining
3295,remarkable
3296,remedial
3297,reminiscent
3298,remiss
3299,remorseful
3300,remote
3301,remotest
3302,renal
3303,renewed
3304,renowned
3305,reoccurring
3306,repentant
3307,repetitive
3308,replaceable
3309,reprehensible
3310,repressed
3311,repressive
3312,reproductive
3313,reptilian
3314,repugnant
3315,repulsive
3316,reputable
3317,reputed
3318,requisite
3319,resentful
3320,residential
3321,residual
3322,resilient
3323,resistant
3324,resolute
3325,resounding
3326,resourceful
3327,respectable
3328,respectful
3329,respective
3330,respiratory
3331,resplendent
3332,responsible
3333,responsive
3334,restful
3335,restless
3336,restraining
3337,restricted
3338,restrictive
3339,retail
3340,retaliatory
3341,retarded
3342,reticent
3343,retinal
3344,retro
3345,retroactive
3346,retrospective
3347,reverent
3348,reversible
3349,revised
3350,revolting
3351,revolutionary
3352,revolving
3353,rewarding
3354,rhetorical
3355,rhythmic
3356,ribbed
3357,rich
3358,richer
3359,richest
3360,rickety
3361,ridiculous
3362,rife
3363,righteous
3364,rightful
3365,righty
3366,rigid
3367,rigorous
3368,ripe
3369,rippling
3370,risky
3371,ritualistic
3372,ritzy
3373,riveting
3374,roast
3375,roasted
3376,robotic
3377,robust
3378,roman
3379,romanian
3380,romantic
3381,roomy
3382,rosier
3383,rotary
3384,rotten
3385,rottenest
3386,rough
3387,rougher
3388,roughest
3389,round
3390,roundabout
3391,rounder
3392,rousing
3393,roving
3394,rowdy
3395,royal
3396,rubber
3397,ruddy
3398,rude
3399,rudimentary
3400,ruffled
3401,rugged
3402,runaway
3403,runny
3404,rural
3405,russian
3406,rusted
3407,rustic
3408,rustical
3409,ruthless
3410,sabian
3411,sabine
3412,sable
3413,sacred
3414,sacrificial
3415,sacrilegious
3416,sad
3417,sadder
3418,saddest
3419,sadistic
3420,safe
3421,safer
3422,safest
3423,saggy
3424,sainted
3425,saintly
3426,salient
3427,saline
3428,salted
3429,saltwater
3430,salty
3431,salvageable
3432,sanctimonious
3433,sane
3434,sanest
3435,sanitary
3436,sappy
3437,sarcastic
3438,sassy
3439,satanic
3440,satisfactory
3441,satisfied
3442,satisfying
3443,saturated
3444,saucy
3445,savage
3446,savory
3447,saxon
3448,scabby
3449,scalded
3450,scaly
3451,scandalous
3452,scandinavian
3453,scant
3454,scarce
3455,scared
3456,scarier
3457,scariest
3458,scarlet
3459,scary
3460,scenic
3461,scented
3462,schematic
3463,schizophrenic
3464,scholarly
3465,scholastic
3466,sciatic
3467,scientific
3468,scintillating
3469,scottish
3470,scrambled
3471,scrappy
3472,scrawny
3473,screwy
3474,scruffy
3475,scrumptious
3476,scummy
3477,seagoing
3478,seamless
3479,searing
3480,seasick
3481,seasonal
3482,seasoned
3483,secluded
3484,seconal
3485,secondary
3486,secondhand
3487,secretarial
3488,secretive
3489,sectional
3490,secular
3491,sedate
3492,seductive
3493,seedy
3494,seismic
3495,selective
3496,selfish
3497,selfless
3498,semiautomatic
3499,semifinal
3500,seminal
3501,senatorial
3502,senile
3503,senior
3504,sensational
3505,senseless
3506,sensible
3507,sensitive
3508,sensory
3509,sensual
3510,sensuous
3511,sentient
3512,sentimental
3513,separate
3514,septic
3515,sequined
3516,serbian
3517,serene
3518,serial
3519,serious
3520,serpentine
3521,serrated
3522,serviceable
3523,severe
3524,sexier
3525,sexiest
3526,sexist
3527,sexless
3528,sexual
3529,sexy
3530,shabby
3531,shadowless
3532,shadowy
3533,shady
3534,shakespearean
3535,shaky
3536,shallow
3537,shameful
3538,shameless
3539,shapely
3540,sharp
3541,sharper
3542,sharpest
3543,shattering
3544,sheer
3545,sheltered
3546,shiftless
3547,shifty
3548,shimmering
3549,shining
3550,shiny
3551,shipshape
3552,shirtless
3553,shitfaced
3554,shitty
3555,shocked
3556,shocking
3557,shoddy
3558,short
3559,shorter
3560,shortest
3561,shortsighted
3562,showy
3563,shredded
3564,shrewd
3565,shrill
3566,shrunken
3567,shy
3568,siamese
3569,siberian
3570,sicilian
3571,sick
3572,sicken
3573,sickening
3574,sicker
3575,sickest
3576,sickly
3577,significant
3578,sikh
3579,silent
3580,silken
3581,silky
3582,sillier
3583,silliest
3584,silly
3585,silvery
3586,simian
3587,similar
3588,simmering
3589,simpering
3590,simple
3591,simpler
3592,simplest
3593,simplified
3594,simplistic
3595,simulated
3596,simultaneous
3597,sincere
3598,sincerest
3599,sinewy
3600,sinful
3601,single
3602,singular
3603,sinister
3604,sioux
3605,sisterly
3606,sistine
3607,sizable
3608,sizeable
3609,skeletal
3610,skeptical
3611,sketchy
3612,skilled
3613,skillful
3614,skimpy
3615,skinless
3616,skinnier
3617,skinny
3618,skoal
3619,slacker
3620,slanderous
3621,slavic
3622,sleazy
3623,sled
3624,sleek
3625,sleepless
3626,sleepy
3627,slender
3628,slight
3629,slightest
3630,slim
3631,slimmer
3632,slimy
3633,slinky
3634,slippery
3635,sloping
3636,sloppy
3637,slow
3638,slowest
3639,sluggish
3640,slutty
3641,sly
3642,small
3643,smaller
3644,smallest
3645,smallish
3646,smart
3647,smarter
3648,smartest
3649,smashing
3650,smelly
3651,smoky
3652,smoochy
3653,smooth
3654,smoother
3655,smoothest
3656,smouldering
3657,smug
3658,smutty
3659,snappish
3660,snappy
3661,snarky
3662,snazzy
3663,sneaky
3664,snide
3665,snippy
3666,snobbish
3667,snobby
3668,snoopy
3669,snooty
3670,snotty
3671,snowy
3672,snug
3673,soaked
3674,soapy
3675,sober
3676,sobering
3677,sociable
3678,social
3679,socialist
3680,sociological
3681,sociopathic
3682,sodding
3683,soft
3684,softer
3685,softest
3686,soggy
3687,solar
3688,soldering
3689,sole
3690,solemn
3691,solid
3692,solitary
3693,somber
3694,sonic
3695,soothing
3696,sophisticated
3697,sophomoric
3698,sopping
3699,sordid
3700,sore
3701,sorrier
3702,sorriest
3703,sorrowful
3704,sorry
3705,sory
3706,soulful
3707,soulless
3708,soundproof
3709,soupy
3710,sour
3711,southbound
3712,southern
3713,southwestern
3714,soviet
3715,soy
3716,soybean
3717,spacious
3718,spangled
3719,spanish
3720,sparkling
3721,sparkly
3722,sparse
3723,spartan
3724,spastic
3725,spatial
3726,special
3727,specific
3728,specious
3729,speckled
3730,spectacular
3731,spectral
3732,speculative
3733,speechless
3734,speedy
3735,sphincter
3736,spic
3737,spiced
3738,spicy
3739,spiffy
3740,spiky
3741,spinal
3742,spindly
3743,spineless
3744,spirited
3745,spiritual
3746,spiteful
3747,splendid
3748,splenic
3749,spongy
3750,spontaneous
3751,spooky
3752,sporadic
3753,sporting
3754,sporty
3755,spotless
3756,spotty
3757,spry
3758,spunky
3759,squalid
3760,squeaky
3761,squeamish
3762,squiggly
3763,squishy
3764,stable
3765,stagehand
3766,stagnant
3767,stainless
3768,stale
3769,stalwart
3770,standard
3771,standardized
3772,starchy
3773,starry
3774,startling
3775,starving
3776,stately
3777,statewide
3778,static
3779,stationary
3780,statistical
3781,statutory
3782,staunch
3783,steadfast
3784,steady
3785,stealthy
3786,steaming
3787,steamy
3788,steely
3789,steep
3790,stellar
3791,sterile
3792,sternal
3793,steroid
3794,sticky
3795,stiff
3796,stiffer
3797,stillborn
3798,stimulating
3799,stinging
3800,stingy
3801,stinking
3802,stinky
3803,stoic
3804,stony
3805,stormy
3806,straighter
3807,straightforward
3808,stranded
3809,strange
3810,strangest
3811,strapless
3812,strapping
3813,strategic
3814,stray
3815,streamlined
3816,strenuous
3817,stressful
3818,stretchy
3819,stricken
3820,strict
3821,strictest
3822,stringy
3823,striped
3824,strong
3825,stronger
3826,strongest
3827,structural
3828,stubborn
3829,stubby
3830,stuffy
3831,stunning
3832,stunted
3833,stupendous
3834,stupid
3835,stupidest
3836,sturdy
3837,stylish
3838,stylized
3839,suave
3840,subatomic
3841,subcutaneous
3842,subdued
3843,subdural
3844,subjective
3845,sublime
3846,subliminal
3847,submersible
3848,submissive
3849,subordinate
3850,subsequent
3851,subservient
3852,substandard
3853,substantial
3854,substantive
3855,subterranean
3856,subtle
3857,suburban
3858,subversive
3859,successful
3860,succinct
3861,succulent
3862,sudanese
3863,sufficient
3864,sugary
3865,suggestive
3866,suicidal
3867,suitable
3868,sulfuric
3869,sullen
3870,sulphuric
3871,sultry
3872,sumerian
3873,sumptuous
3874,sundry
3875,sunken
3876,sunny
3877,sunshiny
3878,super
3879,superb
3880,superficial
3881,superfluous
3882,superhuman
3883,superior
3884,supernatural
3885,supersonic
3886,superstitious
3887,supervisory
3888,supple
3889,supplemental
3890,supplementary
3891,supportive
3892,supposed
3893,supreme
3894,sure
3895,surer
3896,surest
3897,surgical
3898,surly
3899,surplus
3900,surprised
3901,surprising
3902,surreal
3903,surrealistic
3904,susceptible
3905,suspenseful
3906,suspicious
3907,sustained
3908,swanky
3909,swarthy
3910,sweaty
3911,swedish
3912,sweet
3913,sweeter
3914,sweetest
3915,swell
3916,swellest
3917,swelling
3918,swift
3919,swimmy
3920,swiss
3921,symbiotic
3922,symbolic
3923,symmetrical
3924,sympathetic
3925,symphonic
3926,symptomatic
3927,synaptic
3928,synchronized
3929,synonymous
3930,synthetic
3931,systematic
3932,systemic
3933,systolic
3934,tabloid
3935,tacky
3936,tactful
3937,tactical
3938,tactile
3939,tactless
3940,tahitian
3941,taiwanese
3942,talented
3943,talkative
3944,talky
3945,tall
3946,taller
3947,tallest
3948,tangerine
3949,tangible
3950,tangy
3951,tanned
3952,tanning
3953,tantalizing
3954,tantamount
3955,tantric
3956,tardy
3957,tartan
3958,tartar
3959,tasteful
3960,tasteless
3961,tasty
3962,tattered
3963,taut
3964,tawdry
3965,tawny
3966,tearful
3967,technical
3968,technological
3969,tedious
3970,teeming
3971,teenage
3972,teensy
3973,teeny
3974,telekinetic
3975,telepathic
3976,telescopic
3977,televised
3978,temperamental
3979,temperate
3980,tempestuous
3981,temporal
3982,temporary
3983,tempting
3984,tenacious
3985,tender
3986,tense
3987,tentative
3988,tenuous
3989,tepid
3990,terrestrial
3991,terrible
3992,terrific
3993,terrifying
3994,territorial
3995,terrorist
3996,tertiary
3997,testicular
3998,thai
3999,thankful
4000,thankless
4001,theatrical
4002,theological
4003,theoretical
4004,therapeutic
4005,thermal
4006,thermonuclear
4007,thick
4008,thicker
4009,thieving
4010,thin
4011,thinner
4012,thirsty
4013,thoracic
4014,thorny
4015,thorough
4016,thoughtful
4017,thoughtless
4018,thrifty
4019,thrilling
4020,thriving
4021,throbbing
4022,thrusting
4023,thunderous
4024,thyroid
4025,tibetan
4026,ticklish
4027,tidal
4028,tidy
4029,tighter
4030,tightest
4031,timeless
4032,timely
4033,timid
4034,tiniest
4035,tinkling
4036,tiny
4037,tipsy
4038,tired
4039,tireless
4040,tiresome
4041,tiring
4042,toasty
4043,tolerable
4044,tolerant
4045,toothless
4046,topical
4047,topless
4048,torrid
4049,torturous
4050,tory
4051,total
4052,touchy
4053,tough
4054,tougher
4055,toughest
4056,towering
4057,toxic
4058,tr
4059,traceable
4060,tracheal
4061,traditional
4062,tragic
4063,traitorous
4064,tranquil
4065,transatlantic
4066,transcendent
4067,transcontinental
4068,transient
4069,transitional
4070,transitory
4071,translucent
4072,transparent
4073,transsexual
4074,transverse
4075,trashy
4076,traumatic
4077,treacherous
4078,treasured
4079,treatable
4080,tremendous
4081,trendy
4082,triangular
4083,tribal
4084,trickier
4085,tricky
4086,trifling
4087,triple
4088,trite
4089,triumphant
4090,trivial
4091,trojan
4092,tropic
4093,tropical
4094,troubled
4095,troublesome
4096,truant
4097,trucking
4098,true
4099,truer
4100,truest
4101,trustworthy
4102,trusty
4103,truthful
4104,tubby
4105,tubular
4106,tumultuous
4107,turbulent
4108,turkish
4109,tuscan
4110,tushy
4111,tutoring
4112,tween
4113,twisty
4114,twitchy
4115,typical
4116,tyrannical
4117,ubiquitous
4118,uglier
4119,ugliest
4120,ugly
4121,ukrainian
4122,ulterior
4123,ultimate
4124,ultrasonic
4125,ultraviolet
4126,umbilical
4127,unable
4128,unacceptable
4129,unaccompanied
4130,unaccounted
4131,unadulterated
4132,unaffected
4133,unanimous
4134,unannounced
4135,unanswered
4136,unappreciated
4137,unapproachable
4138,unarmed
4139,unassisted
4140,unassuming
4141,unattached
4142,unattainable
4143,unattended
4144,unattractive
4145,unauthorised
4146,unauthorized
4147,unavailable
4148,unavoidable
4149,unaware
4150,unbalanced
4151,unbearable
4152,unbeatable
4153,unbecoming
4154,unbelievable
4155,unbiased
4156,unblemished
4157,unborn
4158,unbreakable
4159,unbridled
4160,unbroken
4161,unbuckled
4162,uncalled
4163,uncanny
4164,uncaring
4165,uncertain
4166,unchallenged
4167,unchanged
4168,uncharted
4169,unchecked
4170,uncircumcised
4171,uncivilized
4172,unclaimed
4173,unclean
4174,unclear
4175,uncomfortable
4176,uncommon
4177,uncomplicated
4178,uncompromising
4179,unconcerned
4180,unconditional
4181,unconfirmed
4182,unconnected
4183,unconscionable
4184,unconscious
4185,unconstitutional
4186,uncontrollable
4187,uncontrolled
4188,unconventional
4189,uncooperative
4190,uncouth
4191,uncut
4192,undamaged
4193,undaunted
4194,undecided
4195,undeclared
4196,undefeated
4197,undefended
4198,undeniable
4199,underage
4200,undercover
4201,underground
4202,underhanded
4203,underlying
4204,underprivileged
4205,underrated
4206,undersea
4207,understaffed
4208,understandable
4209,underweight
4210,undesirable
4211,undetectable
4212,undetected
4213,undetermined
4214,undeveloped
4215,undignified
4216,undisciplined
4217,undisclosed
4218,undiscovered
4219,undisputed
4220,undisturbed
4221,undivided
4222,undressed
4223,undue
4224,undying
4225,unearthly
4226,uneasy
4227,uneducated
4228,unemployed
4229,unending
4230,unescorted
4231,unethical
4232,uneven
4233,uneventful
4234,unexpected
4235,unexplainable
4236,unexplained
4237,unexplored
4238,unfair
4239,unfaithful
4240,unfamiliar
4241,unfathomable
4242,unfavorable
4243,unfeeling
4244,unfettered
4245,unfinished
4246,unfit
4247,unfocused
4248,unforeseen
4249,unforgettable
4250,unforgivable
4251,unforgiving
4252,unfortunate
4253,unfounded
4254,unfriendly
4255,unfulfilled
4256,unfunny
4257,unglued
4258,ungodly
4259,ungrateful
4260,unguarded
4261,unhand
4262,unhappy
4263,unharmed
4264,unhealthy
4265,unheard
4266,unholy
4267,unidentified
4268,unified
4269,uniformed
4270,unilateral
4271,unimaginable
4272,unimaginative
4273,unimportant
4274,unimpressed
4275,unimpressive
4276,uninformed
4277,uninhabitable
4278,uninhabited
4279,uninhibited
4280,uninspired
4281,uninsured
4282,unintelligent
4283,unintelligible
4284,unintentional
4285,uninteresting
4286,uninterrupted
4287,uninvited
4288,uninvolved
4289,unique
4290,universal
4291,unjust
4292,unkempt
4293,unkind
4294,unknowing
4295,unknown
4296,unlawful
4297,unleaded
4298,unlicensed
4299,unlikely
4300,unlimited
4301,unlisted
4302,unloved
4303,unlucky
4304,unmade
4305,unmanned
4306,unmarked
4307,unmarried
4308,unmistakable
4309,unmitigated
4310,unnamed
4311,unnatural
4312,unnecessary
4313,unnoticed
4314,unobtrusive
4315,unoccupied
4316,unofficial
4317,unopened
4318,unopposed
4319,unorthodox
4320,unpaid
4321,unparalleled
4322,unpatriotic
4323,unpleasant
4324,unplugged
4325,unpopular
4326,unprecedented
4327,unpredictable
4328,unprepared
4329,unprincipled
4330,unproductive
4331,unprofessional
4332,unprotected
4333,unproven
4334,unprovoked
4335,unpublished
4336,unpunished
4337,unqualified
4338,unquenchable
4339,unquestioned
4340,unraveled
4341,unreachable
4342,unreal
4343,unrealistic
4344,unreasonable
4345,unrecognizable
4346,unrefined
4347,unregistered
4348,unrelated
4349,unrelenting
4350,unreliable
4351,unremarkable
4352,unrepentant
4353,unrequited
4354,unresolved
4355,unresponsive
4356,unrestricted
4357,unreturned
4358,unromantic
4359,unruly
4360,unsafe
4361,unsanitary
4362,unsatisfactory
4363,unsatisfied
4364,unsavory
4365,unscathed
4366,unscheduled
4367,unscientific
4368,unscrupulous
4369,unseen
4370,unselfish
4371,unsightly
4372,unsigned
4373,unsolicited
4374,unsolved
4375,unsophisticated
4376,unsound
4377,unspeakable
4378,unspecified
4379,unspoiled
4380,unspoken
4381,unstable
4382,unsteady
4383,unstoppable
4384,unstuck
4385,unsubstantiated
4386,unsuccessful
4387,unsuitable
4388,unsung
4389,unsupervised
4390,unsupported
4391,unsure
4392,unsurpassed
4393,unsuspecting
4394,unsympathetic
4395,untalented
4396,untamed
4397,untapped
4398,unthinkable
4399,untidy
4400,untimely
4401,untold
4402,untouchable
4403,untouched
4404,untoward
4405,untraceable
4406,untrained
4407,untried
4408,untrue
4409,untrustworthy
4410,unturned
4411,unusable
4412,unused
4413,unusual
4414,unwanted
4415,unwarranted
4416,unwashed
4417,unwavering
4418,unwed
4419,unwelcome
4420,unwell
4421,unwilling
4422,unwinnable
4423,unwise
4424,unwitting
4425,unworthy
4426,unwrapped
4427,unwritten
4428,upbeat
4429,upcoming
4430,uplifting
4431,upper
4432,uppity
4433,upright
4434,uprooted
4435,upstanding
4436,uptight
4437,upward
4438,urban
4439,urgent
4440,urinary
4441,usable
4442,useful
4443,useless
4444,usual
4445,uterine
4446,utmost
4447,utopian
4448,utter
4449,vacant
4450,vacuous
4451,vaginal
4452,vague
4453,vaguest
4454,valiant
4455,valid
4456,valuable
4457,vanishing
4458,vanquished
4459,vanquishing
4460,vapid
4461,varicose
4462,varied
4463,various
4464,varying
4465,vascular
4466,vast
4467,vaudeville
4468,vegetative
4469,vehicular
4470,veiled
4471,venal
4472,vending
4473,venerable
4474,venereal
4475,venetian
4476,venezuelan
4477,vengeful
4478,venomous
4479,venous
4480,ventricular
4481,verbal
4482,veritable
4483,versatile
4484,vertical
4485,vestal
4486,vestigial
4487,veterinary
4488,viable
4489,vibrant
4490,vicarious
4491,vice
4492,vicious
4493,victimless
4494,victorian
4495,victorious
4496,viennese
4497,vietnamese
4498,vigilant
4499,vigorous
4500,vile
4501,villainous
4502,vindictive
4503,violent
4504,viral
4505,virginal
4506,virginian
4507,virile
4508,virtual
4509,virtuous
4510,virulent
4511,viscous
4512,visible
4513,visionary
4514,visual
4515,vital
4516,vivacious
4517,vivid
4518,vocal
4519,vocational
4520,volatile
4521,volcanic
4522,voluntary
4523,voluptuous
4524,voracious
4525,votive
4526,vulgar
4527,vulnerable
4528,wacky
4529,waning
4530,wanton
4531,warlike
4532,warm
4533,warmer
4534,warmest
4535,warped
4536,warring
4537,wary
4538,wasteful
4539,watchful
4540,waterbed
4541,waterproof
4542,watertight
4543,watery
4544,wavy
4545,waxed
4546,waxy
4547,wayward
4548,weak
4549,weaker
4550,weakest
4551,wealthiest
4552,wealthy
4553,weary
4554,weathered
4555,webbed
4556,wedded
4557,wee
4558,weedy
4559,weekly
4560,weepy
4561,weightless
4562,weighty
4563,weird
4564,weirder
4565,weirdest
4566,welcoming
4567,welsh
4568,western
4569,wet
4570,wetter
4571,whatchamacallit
4572,wheezy
4573,whimsical
4574,whiny
4575,white
4576,whiter
4577,whitest
4578,whitewashed
4579,whole
4580,wholesale
4581,wholesome
4582,whopping
4583,wicked
4584,wide
4585,wider
4586,widespread
4587,widowed
4588,wiggy
4589,wiki
4590,wild
4591,wilder
4592,wildest
4593,wilful
4594,willful
4595,willing
4596,wily
4597,wimpy
4598,windy
4599,winged
4600,wintry
4601,wiry
4602,wise
4603,wiser
4604,wisest
4605,wishful
4606,witching
4607,witchy
4608,withered
4609,withering
4610,withholding
4611,witless
4612,witty
4613,wobbly
4614,wonderful
4615,wondrous
4616,wooded
4617,wooden
4618,woodsy
4619,woolen
4620,woolly
4621,woozy
4622,workable
4623,workaholic
4624,worldly
4625,wormy
4626,worried
4627,worrisome
4628,worrying
4629,worse
4630,worst
4631,worthless
4632,worthwhile
4633,worthy
4634,wounded
4635,wretched
4636,wrinkled
4637,wrinkly
4638,wrong
4639,wrongful
4640,wussy
4641,yearly
4642,yellow
4643,yiddish
4644,young
4645,younger
4646,youngest
4647,youthful
4648,yucky
4649,yummy
4650,zealous
4651,zippy
